{"cameraMode":{"drawMode":0,"name":"Shaded","section":"Shading Mode"},"sceneLighting":false,"audioPlay":false,"sceneViewState":{"showFog":true,"showMaterialUpdate":false,"showSkybox":true,"showFlares":true,"showImageEffects":true,"showParticleSystems":true},"in2DMode":false,"pivot":{"x":0.5002396106719971,"y":4.2160820960998539,"z":0.6214847564697266},"rotation":{"x":0.17521627247333527,"y":0.04635341465473175,"z":-0.008259246125817299,"w":0.9834035038948059},"size":22.005704879760743,"orthographic":false}