{"cameraMode":{"drawMode":0,"name":"Shaded","section":"Shading Mode"},"sceneLighting":false,"audioPlay":false,"sceneViewState":{"showFog":true,"showMaterialUpdate":false,"showSkybox":true,"showFlares":true,"showImageEffects":true,"showParticleSystems":true},"in2DMode":false,"pivot":{"x":0.2953166961669922,"y":9.008877754211426,"z":0.9418773651123047},"rotation":{"x":0.35272082686424258,"y":0.6192383170127869,"z":-0.3643413186073303,"w":0.5994892120361328},"size":202.31495666503907,"orthographic":false}