{"cameraMode":{"drawMode":0,"name":"Shaded","section":"Shading Mode"},"sceneLighting":false,"audioPlay":false,"sceneViewState":{"showFog":true,"showMaterialUpdate":false,"showSkybox":true,"showFlares":true,"showImageEffects":true,"showParticleSystems":true},"in2DMode":false,"pivot":{"x":0.07999992370605469,"y":2.630000114440918,"z":0.0},"rotation":{"x":0.21350790560245515,"y":0.03721197322010994,"z":-0.00813907478004694,"w":0.9761984944343567},"size":22.005704879760743,"orthographic":false}