{"cameraMode":{"drawMode":0,"name":"Shaded","section":"Shading Mode"},"sceneLighting":true,"audioPlay":false,"sceneViewState":{"showFog":true,"showMaterialUpdate":false,"showSkybox":true,"showFlares":true,"showImageEffects":true,"showParticleSystems":true},"in2DMode":false,"pivot":{"x":1095.5323486328125,"y":440.253662109375,"z":-6.0751953125},"rotation":{"x":0.21350790560245515,"y":0.03721197322010994,"z":-0.00813907478004694,"w":0.9761984944343567},"size":1246.014404296875,"orthographic":false}